,Title,Genre,Director,Writer,Language,Production Country,Production Company,User Rating,Release Date,Run Time,IMDB Rating,Metascore,Rotten Tomatoes Score
0,Nosferatu ,"Horror, Fantasy",Robert Eggers,,Deutsch,United States of America, Focus Features,6.6,2024-12-25,2h 13min,7.6,78.0,85.0
1,Solo Leveling -ReAwakening- ,"Action, Adventure, Fantasy, Animation",Shunsuke Nakashige,,日本語,Japan, Aniplex,7,2024-11-26,1h 56min,8.3,,
2,The Witcher: Sirens of the Deep ,"Animation, Fantasy, Action",Kang Hei Chul,"Mike Ostrowski, Rae Benjamin",English,"Poland, South Korea, United States of America", Studio Mir,7.2,2025-02-10,1h 32min,,,
3,Red One ,"Action, Fantasy, Comedy",Jake Kasdan,Chris Morgan,English,United States of America, Seven Bucks Productions,7.1,2024-10-31,2h 4min,6.3,34.0,30.0
4,The Lord of the Rings: The War of the Rohirrim ,"Animation, Fantasy, Adventure, Family, Action",Kenji Kamiyama,"Phoebe Gittins, Arty Papageorgiou, Jeffrey Addiss, Will Matthews",English,"Japan, New Zealand, United States of America", New Line Cinema,6.7,2024-12-05,2h 14min,6.5,54.0,47.0
5,Flow ,"Drama, Comedy, Horror, Crime",,,English,,,8,1996-01-01,1h 20min,4.9,,
6,Ne Zha 2 ,"Animation, Fantasy, Adventure",Yang Yu,,普通话,China, Chengdu Coco Cartoon,7.8,2025-01-29,2h 23min,8.3,,
7,Wicked ,"Drama, Romance, Fantasy",Jon M. Chu,"Winnie Holzman, Dana Fox",English,United States of America, Universal Pictures,6.9,2024-11-20,2h 42min,8.0,73.0,88.0
8,"Miraculous World, London: At the Edge of Time ","Animation, Adventure, Action, Fantasy",Thomas Astruc,,Français,France, Zagtoon,7.3,2024-11-14,0h 50min,8.1,,
9,"The Chronicles of Narnia: The Lion, the Witch and the Wardrobe ","Adventure, Family, Fantasy",Andrew Adamson,"Andrew Adamson, Christopher Markus, Ann Peacock, Stephen McFeely",English,"United Kingdom, United States of America", Walt Disney Pictures,7.1,2005-12-07,2h 23min,6.9,75.0,75.0
10,The Lord of the Rings: The Return of the King ,"Adventure, Fantasy, Action",Peter Jackson,"Peter Jackson, Fran Walsh, Philippa Boyens",English,"New Zealand, United States of America", New Line Cinema,8.4,2003-12-17,3h 21min,9.0,94.0,94.0
11,The Lord of the Rings: The Fellowship of the Ring ,"Adventure, Fantasy, Action",,Peter Jackson,English,New Line Cinema, New Line Cinema,8.4,2001-12-18,2h 59min,8.9,92.0,92.0
12,Harry Potter and the Philosopher's Stone ,"Adventure, Fantasy",,Chris Columbus,English,Warner Bros. Pictures, Warner Bros. Pictures,7.9,2001-11-16,2h 32min,7.7,65.0,80.0
13,The Crow ,"Action, Fantasy, Horror",,Rupert Sanders,English,Davis Films, Davis Films,5.8,2024-08-21,1h 51min,4.7,30.0,87.0
14,Ne Zha 2 ,"Animation, Fantasy, Adventure",Yang Yu,,普通话,China, Chengdu Coco Cartoon,7.8,2025-01-29,2h 23min,8.3,,
15,Zak & Wowo: The Legend of Lendarys ,"Animation, Adventure, Fantasy","Jean-Baptiste Cuvelier, Philippe Duchene",,Nederlands,"Canada, France", 2 Minutes,5.1,2024-04-25,1h 25min,,,
16,The Super Mario Bros. Movie ,"Animation, Family, Adventure, Fantasy, Comedy",,"Aaron Horvath, Michael Jelenic",English,Universal Pictures, Universal Pictures,7.6,2023-04-05,1h 33min,7.0,46.0,59.0
17,The Hobbit: The Battle of the Five Armies ,"Action, Adventure, Fantasy",Peter Jackson,"Peter Jackson, Philippa Boyens, Guillermo del Toro, Fran Walsh",English,"New Zealand, United States of America", Warner Bros. Pictures,7.3,2014-12-10,2h 24min,7.4,59.0,59.0
18,Creation of the Gods II: Demon Force ,"Action, Fantasy, War",Wuershan,,普通话,China, 上海摩天之眼文化传媒有限公司,5.9,2025-01-29,2h 25min,6.7,,
19,Spellbound ,"Animation, Fantasy, Family, Adventure, Comedy",Vicky Jenson,"Lauren Hynek, Elizabeth Martin, Julia Miranda",English,"Spain, United States of America", Skydance Media,6.7,2024-11-22,1h 51min,5.7,54.0,48.0
20,Death Note Relight 1: Visions of a God ,"TV Movie, Crime, Drama, Fantasy, Thriller, Animation",Tetsuro Araki,,日本語,Japan, Madhouse,7.8,2007-08-31,2h 11min,7.4,,
21,Shrek ,"Animation, Comedy, Fantasy, Adventure, Family","Andrew Adamson, Vicky Jenson",,English,United States of America, Pacific Data Images,7.7,2001-05-18,1h 30min,7.9,84.0,88.0
22,Ratatouille ,"Animation, Comedy, Family, Fantasy",Brad Bird,Brad Bird,Français,United States of America, Pixar,7.8,2007-06-28,1h 51min,8.1,96.0,96.0
23,Puss in Boots: The Last Wish ,"Animation, Adventure, Fantasy, Comedy, Family",,Joel Crawford,English,DreamWorks Animation, DreamWorks Animation,8.2,2022-12-07,1h 43min,7.8,73.0,
24,The Green Mile ,"Fantasy, Drama, Crime",,Frank Darabont,Français,Castle Rock Entertainment, Castle Rock Entertainment,8.5,1999-12-10,3h 9min,8.6,61.0,79.0
25,Harry Potter and the Chamber of Secrets ,"Adventure, Fantasy",,Chris Columbus,English,Warner Bros. Pictures, Warner Bros. Pictures,7.7,2002-11-13,2h 41min,7.4,63.0,82.0
26,Intimacy ,"Romance, Drama, Fantasy",,Patrice Chéreau,English,ARTE France Cinéma, ARTE France Cinéma,6.3,2001-01-20,1h 59min,6.0,69.0,66.0
27,Pirates of the Caribbean: The Curse of the Black Pearl ,"Adventure, Fantasy, Action",,Gore Verbinski,English,Walt Disney Pictures, Walt Disney Pictures,7.8,2003-07-09,2h 23min,8.1,63.0,79.0
28,Avatar ,"Action, Adventure, Fantasy, Science Fiction",James Cameron,,English,"United States of America, United Kingdom", Dune Entertainment,7.5,2009-12-15,2h 42min,7.9,83.0,81.0
29,IF ,"Comedy, Fantasy, Family",,John Krasinski,English,Paramount Pictures, Paramount Pictures,7.1,2024-05-08,1h 44min,6.4,46.0,50.0
30,Harry Potter and the Prisoner of Azkaban ,"Adventure, Fantasy",,Alfonso Cuarón,English,Warner Bros. Pictures, Warner Bros. Pictures,8.0,2004-05-31,2h 21min,7.9,82.0,90.0
31,OVERLORD: The Sacred Kingdom ,"Action, Adventure, Animation, Fantasy",,Naoyuki Ito,日本語,KADOKAWA, KADOKAWA,7.2,2024-09-20,2h 14min,7.1,,
32,The Lord of the Rings: The Two Towers ,"Adventure, Fantasy, Action",Peter Jackson,"Stephen Sinclair, Philippa Boyens, Peter Jackson, Fran Walsh",English,"New Zealand, United States of America", New Line Cinema,8.4,2002-12-18,2h 59min,8.8,87.0,95.0
33,Pirates of the Caribbean: Dead Man's Chest ,"Adventure, Fantasy, Action",Gore Verbinski,"Ted Elliott, Terry Rossio",English,United States of America, Walt Disney Pictures,7.3,2006-07-06,2h 31min,7.4,53.0,53.0
34,Harry Potter and the Goblet of Fire ,"Adventure, Fantasy",,Mike Newell,English,Warner Bros. Pictures, Warner Bros. Pictures,7.8,2005-11-16,2h 37min,7.7,81.0,88.0
35,Death Note Relight 2: L's Successors ,"TV Movie, Thriller, Animation, Crime, Drama, Fantasy",Tetsuro Araki,"Shouji Yonemura, Tetsuro Araki, Toshiki Inoue, Yasuko Kobayashi",日本語,Japan, Madhouse,7.2,2009-10-07,1h 40min,7.1,,
36,Coraline ,"Animation, Family, Fantasy",,Henry Selick,English,Laika, Laika,7.8,2009-02-05,1h 40min,7.8,80.0,91.0
37,How to Train Your Dragon ,"Fantasy, Adventure, Family, Action",,,English,, DreamWorks Animation,N/A,2025-06-11,1h 36min,,,
38,Frozen ,"Animation, Family, Adventure, Fantasy","Jennifer Lee, Chris Buck",Jennifer Lee,English,United States of America, Walt Disney Pictures,7.2,2013-11-20,1h 42min,7.4,75.0,89.0
39,Porno ,"Drama, Horror, Fantasy, Comedy",,"John Doo, David Cardoso, Luiz Castellini",Português,Dacar Produções Cinematográficas, Dacar Produções Cinematográficas,5.0,1981-01-01,1h 23min,5.3,,
40,Pirates of the Caribbean: At World's End ,"Adventure, Fantasy, Action",Gore Verbinski,"Terry Rossio, Ted Elliott",English,United States of America, Jerry Bruckheimer Films,7.2,2007-05-19,2h 49min,7.1,50.0,43.0
41,Descendants: The Rise of Red ,"Fantasy, Adventure, Family, Comedy",,Jennifer Phang,English,Suzanne Todd Productions, Suzanne Todd Productions,6.8,2024-07-11,1h 32min,4.7,57.0,
42,Doctor Strange in the Multiverse of Madness ,"Fantasy, Action, Adventure",Sam Raimi,,广州话 / 廣州話,United States of America, Marvel Studios,7.3,2022-05-04,2h 6min,6.9,60.0,74.0
43,How to Train Your Dragon ,"Fantasy, Adventure, Family, Action",,,English,, DreamWorks Animation,N/A,2025-06-11,1h 36min,,,
44,Shrek 2 ,"Animation, Family, Comedy, Fantasy, Adventure",,"Conrad Vernon, Kelly Asbury, Andrew Adamson",English,DreamWorks Animation, DreamWorks Animation,7.2,2004-05-19,1h 32min,7.4,75.0,89.0
45,Shrek Forever After ,"Comedy, Adventure, Fantasy, Animation, Family",,Mike Mitchell,English,DreamWorks Animation, DreamWorks Animation,6.3,2010-05-16,1h 33min,6.3,58.0,58.0
46,Harry Potter and the Deathly Hallows: Part 2 ,"Fantasy, Adventure",David Yates,Steve Kloves,English,"United Kingdom, United States of America", Warner Bros. Pictures,8.0,2011-07-12,2h 10min,8.1,85.0,96.0
47,Shang-Chi and the Legend of the Ten Rings ,"Action, Adventure, Fantasy",Destin Daniel Cretton,"Destin Daniel Cretton, David Callaham, Andrew Lanham",English,United States of America, Marvel Studios,7.5,2021-09-01,2h 12min,7.3,71.0,92.0
48,Pirates of the Caribbean: On Stranger Tides ,"Adventure, Action, Fantasy",Rob Marshall,"Terry Rossio, Ted Elliott",English,"United Kingdom, United States of America", Walt Disney Pictures,6.5,2011-05-15,2h 17min,6.6,45.0,32.0
49,The Legend of Condor Hero: What is Love ,"Action, Fantasy, Adventure",,Lin Zhenzhao,普通话,iQIYI, iQIYI,4.5,2025-01-22,1h 30min,,,
50,Elemental ,"Animation, Comedy, Family, Fantasy, Romance",Peter Sohn,"John Hoberg, Kat Likkel, Brenda Hsueh",English,United States of America, Walt Disney Pictures,7.6,2023-06-14,1h 42min,7.0,58.0,73.0
51,The Lovely Bones ,"Fantasy, Drama",Peter Jackson,"Fran Walsh, Philippa Boyens, Peter Jackson",English,"United Kingdom, New Zealand, United States of America", WingNut Films,7.0,2009-12-26,2h 16min,6.6,42.0,31.0
52,That Christmas ,"Animation, Comedy, Family, Fantasy, Adventure",Simon Otto,"Peter Souter, Richard Curtis",English,United Kingdom, Locksmith Animation,7.1,2024-11-27,1h 31min,6.8,60.0,67.0
53,Twilight ,"Fantasy, Drama, Romance",Catherine Hardwicke,Melissa Rosenberg,English,"United Kingdom, United States of America", Summit Entertainment,6.2,2008-11-20,2h 2min,5.3,56.0,48.0
54,Harry Potter and the Deathly Hallows: Part 1 ,"Adventure, Fantasy",,David Yates,English,Warner Bros. Pictures, Warner Bros. Pictures,7.7,2010-11-17,2h 26min,7.7,65.0,77.0
55,Dragonkeeper ,"Animation, Family, Action, Adventure, Fantasy",,"Jian-Ping Li, Salvador Simó",Español,Movistar+, Movistar+,7.6,2024-04-11,1h 39min,5.7,63.0,
56,Howl's Moving Castle ,"Fantasy, Animation, Adventure",Hayao Miyazaki,Hayao Miyazaki,日本語,Japan, Studio Ghibli,8.4,2004-09-09,1h 59min,8.2,82.0,88.0
57,Spirited Away ,"Animation, Family, Fantasy",,Hayao Miyazaki,日本語,Studio Ghibli, Studio Ghibli,8.5,2001-07-20,2h 5min,8.6,96.0,96.0
58,"Miraculous World: Paris, Tales of Shadybug and Claw Noir ","Animation, Adventure, Action, Fantasy, Family",Thomas Astruc,,Français,"Canada, France, South Korea, United Kingdom", Zagtoon,7.2,2023-10-21,0h 48min,8.4,,
59,The Grinch ,"Animation, Family, Comedy, Fantasy","Yarrow Cheney, Scott Mosier","Michael LeSieur, Tommy Swerdlow",English,United States of America, Illumination,6.8,2018-11-08,1h 25min,6.4,51.0,60.0
60,Harry Potter and the Order of the Phoenix ,"Adventure, Fantasy",,David Yates,English,Warner Bros. Pictures, Warner Bros. Pictures,7.7,2007-07-08,2h 18min,7.5,71.0,78.0
61,Wonka ,"Comedy, Family, Fantasy",,Paul King,English,Warner Bros. Pictures, Warner Bros. Pictures,7.1,2023-12-06,1h 57min,7.0,66.0,82.0
62,How to Train Your Dragon 2 ,"Fantasy, Action, Adventure, Animation, Comedy, Family",,Dean DeBlois,English,DreamWorks Animation, DreamWorks Animation,7.6,2014-06-05,1h 42min,7.8,77.0,92.0
63,Aquaman and the Lost Kingdom ,"Action, Adventure, Fantasy",,James Wan,한국어/조선말,Warner Bros. Pictures, Warner Bros. Pictures,6.6,2023-12-20,2h 4min,5.6,42.0,33.0
64,Wish ,"Animation, Family, Fantasy, Adventure","Chris Buck, Fawn Veerasunthorn","Jennifer Lee, Allison Moore",English,United States of America, Walt Disney Pictures,6.3,2023-11-13,1h 35min,5.6,47.0,48.0
65,Beauty and the Beast ,"Family, Fantasy, Romance",Bill Condon,"Stephen Chbosky, Evan Spiliotopoulos",English,United States of America, Walt Disney Pictures,7,2017-03-16,2h 9min,7.1,65.0,71.0
66,Harry Potter and the Half-Blood Prince ,"Adventure, Fantasy",,David Yates,English,Warner Bros. Pictures, Warner Bros. Pictures,7.6,2009-07-15,2h 33min,7.6,78.0,83.0
67,Beetlejuice Beetlejuice ,"Comedy, Fantasy, Horror",,Tim Burton,English,Warner Bros. Pictures, Warner Bros. Pictures,7.1,2024-09-04,1h 45min,6.7,62.0,75.0
68,Snow White ,"Family, Fantasy","Erin Cressida Wilson, Greta Gerwig",,English,, Walt Disney Pictures,N/A,2025-03-19,1h 36min,,,
69,Cinderella ,"Family, Fantasy, Animation, Romance","Hamilton Luske, Clyde Geronimi, Wilfred Jackson",,English,United States of America, Walt Disney Productions,7,1950-02-22,1h 14min,7.3,85.0,98.0
70,A Minecraft Movie ,"Adventure, Fantasy, Family, Comedy",,,English,, Warner Bros. Pictures,N/A,2025-04-02,1h 45min,,,
71,Encanto ,"Animation, Comedy, Family, Fantasy","Byron Howard, Jared Bush","Charise Castro Smith, Jared Bush",English,United States of America, Walt Disney Animation Studios,7.6,2021-10-13,1h 42min,7.2,75.0,
72,Cinderella ,"Family, Fantasy, Animation, Romance","Hamilton Luske, Clyde Geronimi, Wilfred Jackson",,English,United States of America, Walt Disney Productions,7,1950-02-22,1h 14min,7.3,85.0,98.0
73,The Princess and the Frog ,"Animation, Romance, Fantasy, Family","Ron Clements, John Musker","Ron Clements, John Musker, Rob Edwards",Français,United States of America, Walt Disney Pictures,7.2,2009-12-08,1h 38min,7.2,73.0,85.0
74,Turning Red ,"Animation, Family, Comedy, Fantasy",Domee Shi,"Julia Cho, Domee Shi",广州话 / 廣州話,United States of America, Walt Disney Pictures,7.3,2022-03-10,1h 40min,7.0,83.0,95.0
75,The Hobbit: An Unexpected Journey ,"Adventure, Fantasy, Action",Peter Jackson,"Guillermo del Toro, Peter Jackson, Philippa Boyens, Fran Walsh",English,"New Zealand, United States of America", New Line Cinema,7.4,2012-12-12,2h 49min,7.8,58.0,64.0
76,Constantine ,"Fantasy, Action, Horror",Francis Lawrence,"Kevin Brodbin, Frank A. Cappello",Español,"Germany, United States of America", Village Roadshow Pictures,7.1,2005-02-08,2h 1min,7.0,50.0,46.0
77,Beauty and the Beast ,"Family, Fantasy, Romance",Bill Condon,"Stephen Chbosky, Evan Spiliotopoulos",English,United States of America, Walt Disney Pictures,7,2017-03-16,2h 9min,7.1,65.0,71.0
78,The Emperor's New Groove ,"Adventure, Animation, Comedy, Family, Fantasy",Mark Dindal,David Reynolds,English,United States of America, Walt Disney Pictures,7.6,2000-12-15,1h 18min,7.4,70.0,86.0
79,The Hobbit: The Desolation of Smaug ,"Fantasy, Adventure, Action",Peter Jackson,"Philippa Boyens, Peter Jackson, Fran Walsh, Guillermo del Toro",English,"New Zealand, United States of America", New Line Cinema,7.5,2013-12-11,2h 41min,7.8,66.0,74.0
80,The Mummy ,"Adventure, Action, Fantasy",Stephen Sommers,Stephen Sommers,English,United States of America, Alphaville Films,6.9,1999-04-16,2h 4min,7.1,48.0,62.0
81,X-Men: Apocalypse ,"Action, Adventure, Science Fiction, Fantasy",,Bryan Singer,العربية,The Donners' Company, The Donners' Company,6.5,2016-05-18,2h 24min,6.8,52.0,47.0
82,Aladdin ,"Animation, Family, Adventure, Fantasy, Romance","John Musker, Ron Clements","Ron Clements, Ted Elliott, Terry Rossio, John Musker",English,United States of America, Walt Disney Pictures,7.6,1992-11-25,1h 35min,8.0,86.0,96.0
83,Charlie and the Chocolate Factory ,"Adventure, Comedy, Family, Fantasy",Tim Burton,John August,English,"United Kingdom, United States of America", Warner Bros. Pictures,7.0,2005-07-13,1h 55min,6.7,72.0,83.0
84,Alienoid ,"Science Fiction, Action, Fantasy, Adventure",,Choi Dong-hoon,한국어/조선말,Caper Film, Caper Film,6.8,2022-07-20,2h 22min,6.3,54.0,86.0
85,Priest ,"Action, Fantasy, Horror, Thriller",Scott Stewart,,English,United States of America, Michael De Luca Productions,5.8,2011-05-05,1h 27min,5.7,41.0,15.0
86,Frozen II ,"Family, Animation, Adventure, Comedy, Fantasy","Jennifer Lee, Chris Buck","Allison Schroeder, Jennifer Lee",English,United States of America, Walt Disney Pictures,7.3,2019-11-20,1h 43min,6.8,64.0,77.0
87,The Wizard of Oz ,"Adventure, Fantasy, Family",Victor Fleming,"Florence Ryerson, Edgar Allan Woolf, Noel Langley",English,United States of America, Metro-Goldwyn-Mayer,7.6,1939-08-15,1h 42min,8.1,92.0,98.0
88,The Canterville Ghost ,"Animation, Comedy, Family, Fantasy",,Kim Burdon,English,Arc Productions, Arc Productions,6.6,2023-09-22,1h 29min,5.9,57.0,
89,The Twilight Saga: Breaking Dawn - Part 2 ,"Adventure, Fantasy, Drama, Romance",Bill Condon,"Melissa Rosenberg, Bill Condon",English,United States of America, Summit Entertainment,6.4,2012-11-13,1h 55min,5.6,52.0,49.0
90,"Miraculous: Ladybug & Cat Noir, The Movie ","Animation, Fantasy, Action, Romance, Family",Jeremy Zag,"Bettina López Mendoza, Jeremy Zag",English,"China, France", The Awakening Production,7.6,2023-07-05,1h 47min,6.1,54.0,
91,Harold and the Purple Crayon ,"Family, Adventure, Fantasy, Comedy",Carlos Saldanha,"David Guion, Michael Handelman",English,United States of America, Davis Entertainment,6.8,2024-07-31,1h 30min,5.7,34.0,28.0
92,Hellboy: The Crooked Man ,"Fantasy, Horror, Action",,Brian Taylor,English,Dark Horse Entertainment, Dark Horse Entertainment,5.3,2024-08-29,1h 40min,4.5,45.0,39.0
93,Pirates of the Caribbean: Dead Men Tell No Tales ,"Adventure, Action, Fantasy",,"Joachim Rønning, Espen Sandberg",English,Walt Disney Pictures, Walt Disney Pictures,6.6,2017-05-23,2h 8min,6.5,39.0,30.0
94,The Twilight Saga: Breaking Dawn - Part 1 ,"Adventure, Fantasy, Romance",Bill Condon,"Melissa Rosenberg, Bill Condon",English,United States of America, Summit Entertainment,6.1,2011-11-16,1h 57min,4.9,45.0,26.0
95,Zack Snyder's Justice League ,"Action, Adventure, Fantasy",,Zack Snyder,English,Warner Bros. Pictures, Warner Bros. Pictures,8.1,2021-03-18,4h 2min,7.9,54.0,71.0
96,Thor: Love and Thunder ,"Fantasy, Action, Comedy",Taika Waititi,,English,United States of America, Marvel Studios,6.4,2022-07-06,1h 59min,6.2,57.0,63.0
97,Damsel ,"Fantasy, Action, Adventure",Juan Carlos Fresnadillo,Dan Mazeau,English,"Spain, United States of America", PCMA Productions,7.0,2024-03-07,1h 47min,6.1,46.0,56.0
98,Ted 2 ,"Comedy, Fantasy",Seth MacFarlane,,English,United States of America, Smart Entertainment,6.3,2015-06-25,1h 55min,6.3,48.0,45.0
99,Creation of the Gods I: Kingdom of Storms ,"Action, Fantasy, War",,Wuershan,普通话,Beijing Culture, Beijing Culture,7.1,2023-07-15,2h 28min,6.7,60.0,
100,Doctor Strange ,"Action, Adventure, Fantasy",Scott Derrickson,,English,United States of America, Marvel Studios,7.4,2016-10-25,1h 55min,7.5,72.0,89.0
101,The Little Mermaid ,"Adventure, Family, Fantasy, Romance",Rob Marshall,David Magee,English,United States of America, Walt Disney Pictures,6.3,2023-05-18,2h 15min,7.2,59.0,66.0
102,Demon Slayer -Kimetsu no Yaiba- The Movie: Mugen Train ,"Animation, Action, Fantasy, Thriller",,Haruo Sotozaki,日本語,ufotable, ufotable,8.2,2020-10-16,1h 57min,8.2,72.0,
103,Jumanji: The Next Level ,"Adventure, Comedy, Fantasy",,Jake Kasdan,English,Columbia Pictures, Columbia Pictures,6.9,2019-12-04,2h 3min,6.6,58.0,72.0
104,My Grandfather's Demons ,"Animation, Drama, Fantasy",Nuno Beato,"Cristina Pinheiro, Possidónio Cachapa",English,"France, Portugal, Spain", Sardinha em Lata,5.8,2022-09-21,1h 25min,7.2,,
105,Thor ,"Adventure, Fantasy, Action",Kenneth Branagh,"Zack Stentz, Ashley Miller, Don Payne",English,United States of America, Marvel Studios,6.8,2011-04-21,1h 55min,7.0,57.0,77.0
106,Raya and the Last Dragon ,"Animation, Family, Fantasy, Action, Adventure","Don Hall, Carlos López Estrada","Qui Nguyen, Adele Lim",English,United States of America, Walt Disney Pictures,7.8,2021-03-03,1h 47min,7.3,74.0,93.0
107,N/A,,,,N/A,N/A,,N/A,N/A,N/A,,,
108,Snow White and the Seven Dwarfs ,"Fantasy, Animation, Family","David Hand, Ben Sharpsteen, William Cottrell, Larry Morey, Perce Pearce, Wilfred Jackson","Ted Sears, Richard Creedon, Otto Englander, Dick Rickard, Earl Hurd, Merrill De Maris, Dorothy Ann Blank, Webb Smith",English,United States of America, Walt Disney Productions,7.1,1938-01-14,1h 23min,7.6,96.0,
109,Alice in Wonderland ,"Family, Fantasy, Adventure",Tim Burton,Linda Woolverton,English,United States of America, Walt Disney Pictures,6.6,2010-03-03,1h 48min,6.4,53.0,50.0
110,Corpse Bride ,"Romance, Fantasy, Animation","Mike Johnson, Tim Burton","Pamela Pettler, John August, Caroline Thompson",English,"United Kingdom, United States of America", Tim Burton Productions,7.5,2005-09-12,1h 17min,7.4,83.0,84.0
111,Shrek the Third ,"Fantasy, Adventure, Animation, Comedy, Family",,Chris Miller,English,DreamWorks Animation, DreamWorks Animation,6.2,2007-05-17,1h 33min,6.1,58.0,41.0
112,The Witch ,"Horror, Fantasy, Drama",Robert Eggers,,English,"Brazil, Canada, United Kingdom, United States of America", Very Special Projects,6.9,2016-02-19,1h 32min,7.0,84.0,91.0
113,A Monster Calls ,"Fantasy, Adventure, Family",J.A. Bayona,Patrick Ness,English,"Spain, United States of America", River Road Entertainment,7.2,2016-10-07,1h 48min,7.4,76.0,86.0
114,The Twilight Saga: Eclipse ,"Adventure, Fantasy, Drama, Romance",David Slade,Melissa Rosenberg,English,United States of America, Summit Entertainment,6.2,2010-06-23,2h 4min,5.1,58.0,46.0
115,Hotel Transylvania: Transformania ,"Animation, Comedy, Family, Adventure, Fantasy",,"Derek Drymon, Jennifer Kluska",English,Sony Pictures Animation, Sony Pictures Animation,7.1,2022-01-31,1h 32min,6.0,46.0,47.0
116,About Time ,"Drama, Romance, Fantasy",Richard Curtis,,English,"United Kingdom, United States of America", Universal Pictures,7.9,2013-09-04,2h 3min,7.8,55.0,71.0
117,Madame Web ,"Action, Fantasy",,S.J. Clarkson,English,Columbia Pictures, Columbia Pictures,5.4,2024-02-14,1h 57min,4.0,26.0,11.0
118,The SpongeBob SquarePants Movie ,"Family, Animation, Comedy, Fantasy, Adventure",Stephen Hillenburg,"Stephen Hillenburg, Derek Drymon, Kent Osborne, Paul Tibbitt, Aaron Springer, Tim Hill",English,United States of America, Paramount Pictures,7.0,2004-11-19,1h 27min,7.2,67.0,68.0
119,Monster Summer ,"Adventure, Fantasy, Mystery, Horror",David Henrie,,English,United States of America, Nickel City Pictures,6.4,2024-10-04,1h 38min,5.7,56.0,
120,Monster Summer ,"Adventure, Fantasy, Mystery, Horror",David Henrie,,English,United States of America, Nickel City Pictures,6.4,2024-10-04,1h 38min,5.7,56.0,
121,The Boy and the Heron ,"Animation, Adventure, Fantasy, Family, Drama",Hayao Miyazaki,,日本語,Japan, Studio Ghibli,7.4,2023-07-14,2h 4min,7.4,91.0,96.0
122,Percy Jackson & the Olympians: The Lightning Thief ,"Adventure, Fantasy, Family",Chris Columbus,Craig Titley,English,United States of America, 1492 Pictures,6.2,2010-02-01,1h 58min,5.9,47.0,48.0
123,Brave ,"Animation, Adventure, Comedy, Family, Action, Fantasy","Mark Andrews, Brenda Chapman","Mark Andrews, Steve Purcell, Brenda Chapman, Irene Mecchi",English,United States of America, Walt Disney Pictures,7.0,2012-06-21,1h 33min,7.1,69.0,78.0
124,An Almost Christmas Story ,"Animation, Adventure, Fantasy, Family",David Lowery,"David Lowery, Jack Thorne",English,"United Kingdom, United States of America", Esperanto Filmoj,7.1,2024-10-14,0h 24min,7.0,100.0,
125,Hercules ,"Animation, Family, Fantasy, Adventure, Comedy, Romance","Ron Clements, John Musker","Ron Clements, John Musker, Irene Mecchi, Don McEnery, Bob Shaw",English,United States of America, Walt Disney Pictures,7.5,1997-06-13,1h 33min,7.3,74.0,83.0
126,10 Lives ,"Animation, Comedy, Family, Fantasy",Christopher Jenkins,"Christopher Jenkins, Karen Wengrod, Ken Cinnamon",English,"Canada, United Kingdom, United States of America", GFM Animation,7.8,2024-04-18,1h 27min,5.9,67.0,
127,"The Tunnel to Summer, the Exit of Goodbyes ","Animation, Drama, Romance, Fantasy",Tomohisa Taguchi,Tomohisa Taguchi,日本語,Japan, CLAP,7.7,2022-09-09,1h 23min,7.0,92.0,
128,Dungeons & Dragons: Honor Among Thieves ,"Adventure, Fantasy, Comedy",,"Jonathan Goldstein, John Francis Daley",English,Entertainment One, Entertainment One,7.3,2023-03-23,2h 14min,7.2,72.0,
129,The Little Mermaid ,"Adventure, Family, Fantasy, Romance",Rob Marshall,David Magee,English,United States of America, Walt Disney Pictures,6.3,2023-05-18,2h 15min,7.2,59.0,66.0
130,Moana ,"Adventure, Comedy, Family, Fantasy",,,English,, Walt Disney Pictures,N/A,2026-07-09,1h 36min,,,
131,Fantastic Beasts: The Secrets of Dumbledore ,"Fantasy, Adventure",,David Yates,English,Warner Bros. Pictures, Warner Bros. Pictures,6.6,2022-04-06,2h 22min,6.2,47.0,46.0
132,The Twilight Saga: New Moon ,"Adventure, Fantasy, Drama, Romance",Chris Weitz,"Melissa Rosenberg, Chris Weitz",English,United States of America, Summit Entertainment,5.9,2009-11-18,2h 11min,4.8,44.0,28.0
133,Cinderella's Curse ,"Horror, Fantasy",Louisa Warren,,English,United Kingdom, ChampDog Films,6,2024-05-31,1h 22min,3.3,,
134,The Sand Castle ,"Thriller, Mystery, Drama, Fantasy",Matty Brown,,العربية,"Lebanon, United Arab Emirates, United States of America", Front Row Filmed Entertainment,5.5,2024-12-07,1h 38min,8.0,,
135,Gods of Egypt ,"Action, Adventure, Fantasy",Alex Proyas,"Burk Sharpless, Matt Sazama",English,"Australia, Hong Kong, United States of America", Thunder Road,5.6,2016-02-25,2h 7min,5.4,25.0,14.0
136,New Gods: Nezha Reborn ,"Animation, Action, Fantasy",Zhao Ji,,普通话,China, bilibili,8.1,2021-02-06,1h 56min,6.8,80.0,
137,Secret of the Wings ,"Animation, Family, Fantasy, Adventure",Peggy Holmes,"Bobs Gannaway, Peggy Holmes, Tom Rogers, Ryan Rowe",English,"India, United States of America", DisneyToon Studios,7.2,2012-08-17,1h 15min,7.0,62.0,
138,Mantra Warrior: The Legend of The Eight Moons ,"Animation, Action, Adventure, Fantasy, Science Fiction",Jinanavin Veerapatra,Sornperes Subsermsri,ภาษาไทย,Thailand, RiFF studio,7.4,2023-10-11,1h 30min,5.7,,
139,Maleficent ,"Fantasy, Adventure, Action, Family, Romance",Robert Stromberg,Linda Woolverton,English,United States of America, Walt Disney Pictures,7.1,2014-05-28,1h 37min,6.9,56.0,54.0
140,My Neighbor Totoro ,"Fantasy, Animation, Family",,Hayao Miyazaki,日本語,Studio Ghibli, Studio Ghibli,8.0,1988-04-16,1h 26min,8.1,87.0,94.0
141,Jumanji: Welcome to the Jungle ,"Adventure, Comedy, Fantasy",,Jake Kasdan,English,Matt Tolmach Productions, Matt Tolmach Productions,6.8,2017-12-09,1h 59min,7.0,58.0,77.0
142,Nosferatu ,"Horror, Fantasy",Robert Eggers,,Deutsch,United States of America, Focus Features,6.6,2024-12-25,2h 13min,7.6,78.0,85.0
143,N/A,,,,N/A,N/A,,N/A,N/A,N/A,,,
144,Batman v Superman: Dawn of Justice ,"Action, Adventure, Fantasy",,Zack Snyder,English,Warner Bros. Pictures, Warner Bros. Pictures,5.9,2016-03-23,2h 32min,6.5,44.0,29.0
145,Warcraft ,"Action, Adventure, Fantasy",Duncan Jones,,English,United States of America, Legendary Pictures,6.3,2016-05-25,2h 3min,6.7,32.0,29.0
146,Thor: The Dark World ,"Action, Adventure, Fantasy",Alan Taylor,"Christopher Markus, Stephen McFeely, Christopher L. Yost",English,United States of America, Marvel Studios,6.5,2013-10-30,1h 52min,6.7,54.0,67.0
147,The Jungle Book ,"Family, Adventure, Drama, Fantasy",Jon Favreau,Justin Marks,English,"United Kingdom, United States of America", Walt Disney Pictures,6.9,2016-04-07,1h 46min,7.3,77.0,94.0
148,Erotic Ghost Story III ,"Horror, Drama, Fantasy",,Ivan Lai Kai-Ming,广州话 / 廣州話,大路電影製作有限公司, 大路電影製作有限公司,5.5,1992-03-05,1h 34min,5.3,,
149,Trolls Band Together ,"Animation, Family, Music, Fantasy, Comedy",,Walt Dohrn,English,DreamWorks Animation, DreamWorks Animation,7.3,2023-10-12,1h 31min,6.0,64.0,
150,The Mummy Returns ,"Adventure, Action, Fantasy",Stephen Sommers,Stephen Sommers,English,United States of America, Universal Pictures,6.3,2001-05-04,2h 10min,6.4,48.0,46.0
151,The Mask ,"Romance, Comedy, Crime, Fantasy",Chuck Russell,Mike Werb,svenska,United States of America, Dark Horse Entertainment,6.9,1994-07-29,1h 41min,7.0,59.0,80.0
152,E.T. the Extra-Terrestrial ,"Science Fiction, Adventure, Family, Fantasy",Steven Spielberg,Melissa Mathison,English,United States of America, Universal Pictures,7.5,1982-06-11,1h 55min,7.9,92.0,99.0
153,Pan's Labyrinth ,"Fantasy, Drama, War",Guillermo del Toro,Guillermo del Toro,Español,"Mexico, Spain, United States of America", Estudios Picasso,7.8,2006-10-10,1h 58min,8.2,98.0,95.0
154,Donnie Darko ,"Fantasy, Drama, Mystery",Richard Kelly,,English,United States of America, Flower Films,7.7,2001-01-19,1h 54min,8.0,88.0,87.0
155,Shazam! Fury of the Gods ,"Comedy, Action, Fantasy",,David F. Sandberg,English,New Line Cinema, New Line Cinema,6.4,2023-03-15,2h 10min,5.9,47.0,49.0
156,Meet Joe Black ,"Fantasy, Drama, Romance",Martin Brest,"Bo Goldman, Kevin Wade, Ron Osborn, Jeff Reno",Nederlands,United States of America, Universal Pictures,7.3,1998-11-12,2h 58min,7.2,43.0,46.0
157,Nezha: Demon Child is Back ,"Action, Fantasy","Liu Daoxuan, Wang Jiqing",,普通话,China, 河南木雨文化传媒有限公司,8,2024-07-30,1h 19min,,,
158,Kong: Skull Island ,"Action, Adventure, Fantasy",Jordan Vogt-Roberts,"Max Borenstein, Dan Gilroy, Derek Connolly",English,"China, United States of America", Legendary Pictures,6.5,2017-03-08,1h 58min,6.7,62.0,76.0
159,Hotel Transylvania ,"Animation, Comedy, Family, Fantasy",Genndy Tartakovsky,"Peter Baynham, Robert Smigel",English,United States of America, Columbia Pictures,7,2012-09-20,1h 31min,7.0,47.0,45.0
160,Cold Skin ,"Horror, Fantasy, Drama",Xavier Gens,"Jesús Olmo, Eron Sheean",English,"France, Spain", KanZaman Productions,6.2,2017-10-20,1h 46min,6.0,50.0,
161,Soul ,"Animation, Family, Comedy, Fantasy",Pete Docter,"Pete Docter, Mike Jones, Kemp Powers",English,United States of America, Walt Disney Pictures,8.1,2020-12-25,1h 41min,8.0,83.0,95.0
162,Ghostbusters ,"Comedy, Fantasy",Ivan Reitman,"Harold Ramis, Dan Aykroyd",English,United States of America, Columbia Pictures,7.5,1984-06-08,1h 47min,7.8,71.0,95.0
163,Underground Monster ,"Fantasy, Adventure",,,普通话,,,5.7,2023-04-27,1h 30min,4.8,,
164,Toy Story 4 ,"Family, Adventure, Animation, Comedy, Fantasy",Josh Cooley,"Stephany Folsom, Andrew Stanton",English,United States of America, Walt Disney Pictures,7.5,2019-06-19,1h 40min,7.6,84.0,97.0
165,Dragon Ball Z: Bardock - The Father of Goku ,"Animation, Action, Science Fiction, Drama, Fantasy",Mitsuo Hashimoto,,日本語,Japan, Bird Studios,7.5,1990-10-17,0h 48min,7.8,,
166,Wonder Woman ,"Action, Adventure, Fantasy",Patty Jenkins,Allan Heinberg,Deutsch,United States of America, Atlas Entertainment,7.2,2017-05-30,2h 21min,7.3,76.0,93.0
167,Edward Scissorhands ,"Fantasy, Drama, Romance",Tim Burton,Caroline Thompson,English,United States of America, 20th Century Fox,7.7,1990-12-07,1h 45min,7.9,74.0,90.0
168,The Northman ,"Action, Adventure, Fantasy",,Robert Eggers,English,Focus Features, Focus Features,7,2022-04-07,2h 17min,7.0,82.0,90.0
169,The Curious Case of Benjamin Button ,"Drama, Fantasy, Romance",David Fincher,Eric Roth,English,United States of America, Paramount Pictures,7.5,2008-12-25,2h 46min,7.8,70.0,72.0
170,Baki Hanma VS Kengan Ashura ,"Animation, Action, Fantasy",Toshiki Hirano,,日本語,Japan, TMS Entertainment,7.5,2024-06-05,1h 0min,5.7,60.0,
171,The Book of Life ,"Animation, Adventure, Comedy, Family, Fantasy",Jorge R. Gutierrez,,English,United States of America, Reel FX Creative Studios,7.5,2014-10-01,1h 35min,7.2,67.0,83.0
172,One Piece Film Red ,"Animation, Adventure, Action, Fantasy, Music",,Goro Taniguchi,日本語,Toei Animation, Toei Animation,7.2,2022-08-06,1h 55min,6.8,69.0,97.0
173,Beetlejuice ,"Fantasy, Comedy",Tim Burton,"Warren Skaaren, Michael McDowell",English,United States of America, Warner Bros. Pictures,7.3,1988-03-30,1h 32min,7.5,71.0,83.0
174,Bruce Almighty ,"Fantasy, Comedy",Tom Shadyac,"Steve Oedekerk, Steve Koren, Mark O'Keefe",English,United States of America, Pit Bull Productions,6.7,2003-05-23,1h 41min,6.8,46.0,48.0
175,Ghostbusters: Frozen Empire ,"Fantasy, Adventure, Comedy",,Gil Kenan,English,Ghost Corps, Ghost Corps,6.5,2024-03-20,1h 55min,6.1,46.0,42.0
176,The Croods ,"Animation, Adventure, Family, Fantasy, Comedy, Action","Chris Sanders, Kirk DeMicco","Chris Sanders, Kirk DeMicco",English,United States of America, DreamWorks Animation,6.9,2013-03-15,1h 38min,7.1,55.0,71.0
177,Sleeping Beauty ,"Fantasy, Animation, Romance, Family",Clyde Geronimi,Erdman Penner,English,United States of America, Walt Disney Productions,6.9,1959-02-17,1h 15min,7.2,85.0,90.0
178,The Nightmare Before Christmas ,"Fantasy, Animation, Family",Henry Selick,Caroline Thompson,English,United States of America, Touchstone Pictures,7.8,1993-10-09,1h 16min,7.9,82.0,95.0
179,Rise of the Guardians ,"Animation, Family, Fantasy",,Peter Ramsey,Français,DreamWorks Animation, DreamWorks Animation,7.3,2012-11-21,1h 37min,7.2,58.0,74.0
180,Pinocchio ,"Animation, Family, Fantasy","Hamilton Luske, Ben Sharpsteen, Norman Ferguson, T. Hee, Jack Kinney, Bill Roberts, Wilfred Jackson",,English,United States of America, Walt Disney Productions,7.1,1940-02-23,1h 28min,7.5,99.0,100.0
181,Boruto: Naruto the Movie ,"Adventure, Action, Animation, Comedy, Fantasy",,Hiroyuki Yamashita,日本語,Pierrot, Pierrot,7.4,2015-08-07,1h 35min,7.7,,
182,The Shack ,"Drama, Fantasy",Stuart Hazeldine,"John Fusco, Destin Daniel Cretton, Andrew Lanham",English,"Canada, Hong Kong, United States of America", Summit Entertainment,7.4,2017-03-03,2h 12min,6.3,32.0,20.0
183,Ted ,"Comedy, Fantasy",Seth MacFarlane,"Seth MacFarlane, Alec Sulkin, Wellesley Wild",English,United States of America, Universal Pictures,6.4,2012-06-29,1h 47min,6.9,62.0,69.0
184,The Croods: A New Age ,"Animation, Family, Adventure, Fantasy, Comedy",Joel Crawford,"Dan Hageman, Kevin Hageman, Paul Fisher, Bob Logan",English,United States of America, Universal Pictures,7.5,2020-11-25,1h 35min,6.9,56.0,76.0
185,Clash of the Titans ,"Adventure, Fantasy, Action",Louis Leterrier,"Travis Beacham, Phil Hay, Matt Manfredi",English,United States of America, The Zanuck Company,5.9,2010-03-26,1h 46min,5.8,39.0,27.0
186,"Ruby Gillman, Teenage Kraken ","Animation, Family, Fantasy, Comedy",,Kirk DeMicco,English,DreamWorks Animation, DreamWorks Animation,7.2,2023-06-28,1h 31min,5.7,50.0,66.0
187,Jujutsu Kaisen 0 ,"Animation, Action, Fantasy",Sunghoo Park,Hiroshi Seko,日本語,Japan, MAPPA,8.1,2021-12-24,1h 45min,7.8,71.0,98.0
188,Mavka: The Forest Song ,"Animation, Adventure, Family, Fantasy",,"Oleg Malamuzh, Oleksandra Ruban",Український,Animagrad Animation Studio, Animagrad Animation Studio,7.2,2023-03-02,1h 39min,6.6,77.0,
189,Naruto Shippuden the Movie ,"Animation, Action, Fantasy",,Hajime Kamegaki,日本語,Pierrot, Pierrot,7.3,2007-08-04,1h 34min,6.7,,
190,How the Grinch Stole Christmas ,"Family, Comedy, Fantasy",Ron Howard,"Peter S. Seaman, Jeffrey Price",English,"Germany, United States of America", Universal Pictures,6.7,2000-11-17,1h 44min,6.4,46.0,49.0
191,Alvin and the Chipmunks ,"Comedy, Family, Fantasy",Tim Hill,"Chris Viscardi, Will McRobb, Jon Vitti",English,United States of America, Fox 2000 Pictures,5.8,2007-12-13,1h 32min,5.3,39.0,28.0
192,Princess Mononoke ,"Adventure, Fantasy, Animation",,Hayao Miyazaki,日本語,Studio Ghibli, Studio Ghibli,8.3,1997-07-12,2h 14min,8.3,76.0,93.0
193,13 Going on 30 ,"Comedy, Fantasy, Romance",,Gary Winick,English,Columbia Pictures, Columbia Pictures,6.8,2004-04-13,1h 38min,6.3,57.0,65.0
194,Aladdin ,"Animation, Family, Adventure, Fantasy, Romance","John Musker, Ron Clements","Ron Clements, Ted Elliott, Terry Rossio, John Musker",English,United States of America, Walt Disney Pictures,7.6,1992-11-25,1h 35min,8.0,86.0,96.0
195,Alice in Wonderland ,"Family, Fantasy, Adventure",Tim Burton,Linda Woolverton,English,United States of America, Walt Disney Pictures,6.6,2010-03-03,1h 48min,6.4,53.0,50.0
196,The Chronicles of Narnia: Prince Caspian ,"Adventure, Family, Fantasy",Andrew Adamson,"Andrew Adamson, Christopher Markus, Stephen McFeely",English,United States of America, Walt Disney Pictures,6.6,2008-05-15,2h 30min,6.5,62.0,66.0
197,Hotel Transylvania 2 ,"Animation, Comedy, Family, Fantasy",,Genndy Tartakovsky,English,Columbia Pictures, Columbia Pictures,6.8,2015-09-21,1h 29min,6.6,44.0,57.0
198,The World of Mindfulness ,Documentary,,,English,, PŌTOCOL,N/A,2021-06-06,0h 20min,,,
199,Mulan ,"Animation, Family, Adventure","Tony Bancroft, Barry Cook","Raymond Singer, Chris Sanders, Eugenia Bostwick-Singer, Rita Hsiao, Philip LaZebnik",English,United States of America, Walt Disney Pictures,7.9,1998-06-18,1h 28min,7.7,72.0,92.0
